Model,Accuracy
logistic_regression,0.7945945945945946
decision_tree,0.6594594594594595
random_forest,0.7783783783783784
svm,0.7567567567567568
gradient_boosting,0.7783783783783784
